,pid,hid,freq,ozone,dzone,purp,origin activity,destination activity,mode,seq,tst,tet,duration
0,2_1_0,1_1_0,,530,550,work,home,work,car,27,1900-01-01 13:53:00,1900-01-01 13:56:00,0:03:00
1,2_1_0,1_1_0,,550,550,home,work,home,car,28,1900-01-01 22:00:00,1900-01-01 22:05:00,0:05:00
2,1_2_0,1_2_0,,530,550,visit,home,visit,car,0,1900-01-01 11:15:00,1900-01-01 11:23:00,0:08:00
3,1_2_0,1_2_0,,550,550,other,visit,other,car,1,1900-01-01 12:00:00,1900-01-01 12:15:00,0:15:00
4,1_2_0,1_2_0,,550,550,visit,other,visit,car,2,1900-01-01 12:50:00,1900-01-01 13:00:00,0:10:00
5,1_2_0,1_2_0,,550,550,home,visit,home,car,3,1900-01-01 18:30:00,1900-01-01 18:50:00,0:20:00
6,2_2_0,1_2_0,,530,550,visit,home,visit,car,29,1900-01-01 11:15:00,1900-01-01 11:23:00,0:08:00
7,2_2_0,1_2_0,,550,550,other,visit,other,car,30,1900-01-01 12:00:00,1900-01-01 12:15:00,0:15:00
8,2_2_0,1_2_0,,550,550,visit,other,visit,car,31,1900-01-01 12:50:00,1900-01-01 13:00:00,0:10:00
9,2_2_0,1_2_0,,550,550,home,visit,home,car,32,1900-01-01 18:30:00,1900-01-01 18:50:00,0:20:00
10,3_2_0,1_2_0,,530,550,visit,home,visit,car,65,1900-01-01 11:15:00,1900-01-01 11:23:00,0:08:00
11,3_2_0,1_2_0,,550,550,other,visit,other,car,66,1900-01-01 12:00:00,1900-01-01 12:15:00,0:15:00
12,3_2_0,1_2_0,,550,550,visit,other,visit,car,67,1900-01-01 12:50:00,1900-01-01 13:00:00,0:10:00
13,3_2_0,1_2_0,,550,550,home,visit,home,car,68,1900-01-01 18:30:00,1900-01-01 18:50:00,0:20:00
14,4_2_0,1_2_0,,530,550,visit,home,visit,car,79,1900-01-01 11:15:00,1900-01-01 11:23:00,0:08:00
15,4_2_0,1_2_0,,550,550,other,visit,other,car,80,1900-01-01 12:00:00,1900-01-01 12:15:00,0:15:00
16,4_2_0,1_2_0,,550,550,visit,other,visit,car,81,1900-01-01 12:50:00,1900-01-01 13:00:00,0:10:00
17,4_2_0,1_2_0,,550,550,home,visit,home,car,82,1900-01-01 18:30:00,1900-01-01 18:50:00,0:20:00
18,1_2_1,1_2_1,,530,550,visit,home,visit,car,0,1900-01-01 11:15:00,1900-01-01 11:23:00,0:08:00
19,1_2_1,1_2_1,,550,550,other,visit,other,car,1,1900-01-01 12:00:00,1900-01-01 12:15:00,0:15:00
20,1_2_1,1_2_1,,550,550,visit,other,visit,car,2,1900-01-01 12:50:00,1900-01-01 13:00:00,0:10:00
21,1_2_1,1_2_1,,550,550,home,visit,home,car,3,1900-01-01 18:30:00,1900-01-01 18:50:00,0:20:00
22,2_2_1,1_2_1,,530,550,visit,home,visit,car,29,1900-01-01 11:15:00,1900-01-01 11:23:00,0:08:00
23,2_2_1,1_2_1,,550,550,other,visit,other,car,30,1900-01-01 12:00:00,1900-01-01 12:15:00,0:15:00
24,2_2_1,1_2_1,,550,550,visit,other,visit,car,31,1900-01-01 12:50:00,1900-01-01 13:00:00,0:10:00
25,2_2_1,1_2_1,,550,550,home,visit,home,car,32,1900-01-01 18:30:00,1900-01-01 18:50:00,0:20:00
26,3_2_1,1_2_1,,530,550,visit,home,visit,car,65,1900-01-01 11:15:00,1900-01-01 11:23:00,0:08:00
27,3_2_1,1_2_1,,550,550,other,visit,other,car,66,1900-01-01 12:00:00,1900-01-01 12:15:00,0:15:00
28,3_2_1,1_2_1,,550,550,visit,other,visit,car,67,1900-01-01 12:50:00,1900-01-01 13:00:00,0:10:00
29,3_2_1,1_2_1,,550,550,home,visit,home,car,68,1900-01-01 18:30:00,1900-01-01 18:50:00,0:20:00
30,4_2_1,1_2_1,,530,550,visit,home,visit,car,79,1900-01-01 11:15:00,1900-01-01 11:23:00,0:08:00
31,4_2_1,1_2_1,,550,550,other,visit,other,car,80,1900-01-01 12:00:00,1900-01-01 12:15:00,0:15:00
32,4_2_1,1_2_1,,550,550,visit,other,visit,car,81,1900-01-01 12:50:00,1900-01-01 13:00:00,0:10:00
33,4_2_1,1_2_1,,550,550,home,visit,home,car,82,1900-01-01 18:30:00,1900-01-01 18:50:00,0:20:00
34,1_3_0,1_3_0,,530,550,visit,home,visit,car,4,1900-01-01 12:40:00,1900-01-01 12:50:00,0:10:00
35,1_3_0,1_3_0,,550,550,visit,visit,visit,car,5,1900-01-01 13:10:00,1900-01-01 13:25:00,0:15:00
36,1_3_0,1_3_0,,550,550,other,visit,other,car,6,1900-01-01 13:30:00,1900-01-01 13:45:00,0:15:00
37,1_3_0,1_3_0,,550,550,other,other,other,car,7,1900-01-01 14:05:00,1900-01-01 14:12:00,0:07:00
38,1_3_0,1_3_0,,550,550,visit,other,visit,car,8,1900-01-01 14:25:00,1900-01-01 14:33:00,0:08:00
39,1_3_0,1_3_0,,550,550,escort,visit,escort,car,9,1900-01-01 15:08:00,1900-01-01 15:14:00,0:06:00
40,1_3_0,1_3_0,,550,550,home,escort,home,car,10,1900-01-01 15:22:00,1900-01-01 15:26:00,0:04:00
41,1_3_0,1_3_0,,550,550,shop,home,shop,car,11,1900-01-01 15:40:00,1900-01-01 15:55:00,0:15:00
42,1_3_0,1_3_0,,550,550,visit,shop,visit,car,12,1900-01-01 16:55:00,1900-01-01 17:12:00,0:17:00
43,1_3_0,1_3_0,,550,550,home,visit,home,car,13,1900-01-01 18:00:00,1900-01-01 18:28:00,0:28:00
44,2_3_0,1_3_0,,530,550,escort,home,escort,car,33,1900-01-01 08:50:00,1900-01-01 08:55:00,0:05:00
45,2_3_0,1_3_0,,550,550,other,escort,other,car,34,1900-01-01 21:05:00,1900-01-01 21:12:00,0:07:00
46,3_3_0,1_3_0,,530,550,education,home,education,car,69,1900-01-01 08:50:00,1900-01-01 08:55:00,0:05:00
47,3_3_0,1_3_0,,550,550,home,education,home,car,70,1900-01-01 15:22:00,1900-01-01 15:26:00,0:04:00
48,3_3_0,1_3_0,,550,550,shop,home,shop,car,71,1900-01-01 15:40:00,1900-01-01 15:55:00,0:15:00
49,3_3_0,1_3_0,,550,550,visit,shop,visit,car,72,1900-01-01 16:55:00,1900-01-01 17:12:00,0:17:00
50,3_3_0,1_3_0,,550,550,home,visit,home,car,73,1900-01-01 18:00:00,1900-01-01 18:28:00,0:28:00
51,4_3_0,1_3_0,,530,550,visit,home,visit,car,83,1900-01-01 12:40:00,1900-01-01 12:50:00,0:10:00
52,4_3_0,1_3_0,,550,550,visit,visit,visit,car,84,1900-01-01 13:10:00,1900-01-01 13:25:00,0:15:00
53,4_3_0,1_3_0,,550,550,other,visit,other,car,85,1900-01-01 13:30:00,1900-01-01 13:45:00,0:15:00
54,4_3_0,1_3_0,,550,550,other,other,other,car,86,1900-01-01 14:05:00,1900-01-01 14:12:00,0:07:00
55,4_3_0,1_3_0,,550,550,visit,other,visit,car,87,1900-01-01 14:25:00,1900-01-01 14:33:00,0:08:00
56,4_3_0,1_3_0,,550,550,escort,visit,escort,car,88,1900-01-01 15:08:00,1900-01-01 15:14:00,0:06:00
57,4_3_0,1_3_0,,550,550,home,escort,home,car,89,1900-01-01 15:22:00,1900-01-01 15:26:00,0:04:00
58,4_3_0,1_3_0,,550,550,shop,home,shop,car,90,1900-01-01 15:40:00,1900-01-01 15:55:00,0:15:00
59,4_3_0,1_3_0,,550,550,visit,shop,visit,car,91,1900-01-01 16:55:00,1900-01-01 17:12:00,0:17:00
60,4_3_0,1_3_0,,550,550,home,visit,home,car,92,1900-01-01 18:00:00,1900-01-01 18:28:00,0:28:00
61,1_3_1,1_3_1,,530,550,visit,home,visit,car,4,1900-01-01 12:40:00,1900-01-01 12:50:00,0:10:00
62,1_3_1,1_3_1,,550,550,visit,visit,visit,car,5,1900-01-01 13:10:00,1900-01-01 13:25:00,0:15:00
63,1_3_1,1_3_1,,550,550,other,visit,other,car,6,1900-01-01 13:30:00,1900-01-01 13:45:00,0:15:00
64,1_3_1,1_3_1,,550,550,other,other,other,car,7,1900-01-01 14:05:00,1900-01-01 14:12:00,0:07:00
65,1_3_1,1_3_1,,550,550,visit,other,visit,car,8,1900-01-01 14:25:00,1900-01-01 14:33:00,0:08:00
66,1_3_1,1_3_1,,550,550,escort,visit,escort,car,9,1900-01-01 15:08:00,1900-01-01 15:14:00,0:06:00
67,1_3_1,1_3_1,,550,550,home,escort,home,car,10,1900-01-01 15:22:00,1900-01-01 15:26:00,0:04:00
68,1_3_1,1_3_1,,550,550,shop,home,shop,car,11,1900-01-01 15:40:00,1900-01-01 15:55:00,0:15:00
69,1_3_1,1_3_1,,550,550,visit,shop,visit,car,12,1900-01-01 16:55:00,1900-01-01 17:12:00,0:17:00
70,1_3_1,1_3_1,,550,550,home,visit,home,car,13,1900-01-01 18:00:00,1900-01-01 18:28:00,0:28:00
71,2_3_1,1_3_1,,530,550,escort,home,escort,car,33,1900-01-01 08:50:00,1900-01-01 08:55:00,0:05:00
72,2_3_1,1_3_1,,550,550,other,escort,other,car,34,1900-01-01 21:05:00,1900-01-01 21:12:00,0:07:00
73,3_3_1,1_3_1,,530,550,education,home,education,car,69,1900-01-01 08:50:00,1900-01-01 08:55:00,0:05:00
74,3_3_1,1_3_1,,550,550,home,education,home,car,70,1900-01-01 15:22:00,1900-01-01 15:26:00,0:04:00
75,3_3_1,1_3_1,,550,550,shop,home,shop,car,71,1900-01-01 15:40:00,1900-01-01 15:55:00,0:15:00
76,3_3_1,1_3_1,,550,550,visit,shop,visit,car,72,1900-01-01 16:55:00,1900-01-01 17:12:00,0:17:00
77,3_3_1,1_3_1,,550,550,home,visit,home,car,73,1900-01-01 18:00:00,1900-01-01 18:28:00,0:28:00
78,4_3_1,1_3_1,,530,550,visit,home,visit,car,83,1900-01-01 12:40:00,1900-01-01 12:50:00,0:10:00
79,4_3_1,1_3_1,,550,550,visit,visit,visit,car,84,1900-01-01 13:10:00,1900-01-01 13:25:00,0:15:00
80,4_3_1,1_3_1,,550,550,other,visit,other,car,85,1900-01-01 13:30:00,1900-01-01 13:45:00,0:15:00
81,4_3_1,1_3_1,,550,550,other,other,other,car,86,1900-01-01 14:05:00,1900-01-01 14:12:00,0:07:00
82,4_3_1,1_3_1,,550,550,visit,other,visit,car,87,1900-01-01 14:25:00,1900-01-01 14:33:00,0:08:00
83,4_3_1,1_3_1,,550,550,escort,visit,escort,car,88,1900-01-01 15:08:00,1900-01-01 15:14:00,0:06:00
84,4_3_1,1_3_1,,550,550,home,escort,home,car,89,1900-01-01 15:22:00,1900-01-01 15:26:00,0:04:00
85,4_3_1,1_3_1,,550,550,shop,home,shop,car,90,1900-01-01 15:40:00,1900-01-01 15:55:00,0:15:00
86,4_3_1,1_3_1,,550,550,visit,shop,visit,car,91,1900-01-01 16:55:00,1900-01-01 17:12:00,0:17:00
87,4_3_1,1_3_1,,550,550,home,visit,home,car,92,1900-01-01 18:00:00,1900-01-01 18:28:00,0:28:00
88,2_4_0,1_4_0,,530,550,shop,home,shop,car,48,1900-01-01 16:00:00,1900-01-01 16:02:00,0:02:00
89,2_4_0,1_4_0,,550,550,home,shop,home,car,49,1900-01-01 16:10:00,1900-01-01 16:12:00,0:02:00
90,2_4_0,1_4_0,,550,550,work,home,work,car,50,1900-01-01 17:55:00,1900-01-01 17:58:00,0:03:00
91,1_5_0,1_5_0,,530,550,other,home,other,car,14,1900-01-01 12:50:00,1900-01-01 13:05:00,0:15:00
92,1_5_0,1_5_0,,550,550,home,other,home,car,15,1900-01-01 15:05:00,1900-01-01 15:17:00,0:12:00
93,2_5_0,1_5_0,,530,550,home,work,home,car,51,1900-01-01 06:00:00,1900-01-01 06:03:00,0:03:00
94,2_5_0,1_5_0,,550,550,other,home,other,car,52,1900-01-01 12:50:00,1900-01-01 13:05:00,0:15:00
95,2_5_0,1_5_0,,550,550,home,other,home,car,53,1900-01-01 15:05:00,1900-01-01 15:17:00,0:12:00
96,2_5_0,1_5_0,,550,550,work,home,work,car,54,1900-01-01 17:55:00,1900-01-01 18:00:00,0:05:00
97,3_5_0,1_5_0,,530,550,other,home,other,car,74,1900-01-01 12:50:00,1900-01-01 13:05:00,0:15:00
98,3_5_0,1_5_0,,550,550,home,other,home,car,75,1900-01-01 15:05:00,1900-01-01 15:17:00,0:12:00
99,4_5_0,1_5_0,,530,550,other,home,other,car,93,1900-01-01 12:50:00,1900-01-01 13:05:00,0:15:00
100,4_5_0,1_5_0,,550,550,home,other,home,car,94,1900-01-01 15:05:00,1900-01-01 15:17:00,0:12:00
101,1_5_1,1_5_1,,530,550,other,home,other,car,14,1900-01-01 12:50:00,1900-01-01 13:05:00,0:15:00
102,1_5_1,1_5_1,,550,550,home,other,home,car,15,1900-01-01 15:05:00,1900-01-01 15:17:00,0:12:00
103,2_5_1,1_5_1,,530,550,home,work,home,car,51,1900-01-01 06:00:00,1900-01-01 06:03:00,0:03:00
104,2_5_1,1_5_1,,550,550,other,home,other,car,52,1900-01-01 12:50:00,1900-01-01 13:05:00,0:15:00
105,2_5_1,1_5_1,,550,550,home,other,home,car,53,1900-01-01 15:05:00,1900-01-01 15:17:00,0:12:00
106,2_5_1,1_5_1,,550,550,work,home,work,car,54,1900-01-01 17:55:00,1900-01-01 18:00:00,0:05:00
107,3_5_1,1_5_1,,530,550,other,home,other,car,74,1900-01-01 12:50:00,1900-01-01 13:05:00,0:15:00
108,3_5_1,1_5_1,,550,550,home,other,home,car,75,1900-01-01 15:05:00,1900-01-01 15:17:00,0:12:00
109,4_5_1,1_5_1,,530,550,other,home,other,car,93,1900-01-01 12:50:00,1900-01-01 13:05:00,0:15:00
110,4_5_1,1_5_1,,550,550,home,other,home,car,94,1900-01-01 15:05:00,1900-01-01 15:17:00,0:12:00
111,1_6_0,1_6_0,,530,550,escort,home,escort,car,16,1900-01-01 12:18:00,1900-01-01 12:32:00,0:14:00
112,1_6_0,1_6_0,,550,550,work,escort,work,car,17,1900-01-01 12:35:00,1900-01-01 12:41:00,0:06:00
113,1_6_0,1_6_0,,550,550,home,work,home,car,18,1900-01-01 17:30:00,1900-01-01 17:56:00,0:26:00
114,1_6_0,1_6_0,,550,550,other,home,other,car,19,1900-01-01 20:20:00,1900-01-01 20:23:00,0:03:00
115,1_6_0,1_6_0,,550,550,home,other,home,car,20,1900-01-01 21:10:00,1900-01-01 21:15:00,0:05:00
116,2_6_0,1_6_0,,530,550,home,work,home,car,55,1900-01-01 05:50:00,1900-01-01 05:55:00,0:05:00
117,2_6_0,1_6_0,,550,550,escort,home,escort,car,56,1900-01-01 14:35:00,1900-01-01 14:50:00,0:15:00
118,2_6_0,1_6_0,,550,550,escort,escort,escort,car,57,1900-01-01 14:58:00,1900-01-01 15:12:00,0:14:00
119,2_6_0,1_6_0,,550,550,home,escort,home,car,58,1900-01-01 15:22:00,1900-01-01 15:31:00,0:09:00
120,2_6_0,1_6_0,,550,550,work,home,work,car,59,1900-01-01 21:50:00,1900-01-01 21:56:00,0:06:00
121,3_6_0,1_6_0,,530,550,home,education,home,car,76,1900-01-01 15:22:00,1900-01-01 15:31:00,0:09:00
122,4_6_0,1_6_0,,530,550,visit,home,visit,car,95,1900-01-01 12:18:00,1900-01-01 12:32:00,0:14:00
123,4_6_0,1_6_0,,550,550,escort,visit,escort,car,96,1900-01-01 14:58:00,1900-01-01 15:12:00,0:14:00
124,4_6_0,1_6_0,,550,550,home,escort,home,car,97,1900-01-01 15:22:00,1900-01-01 15:31:00,0:09:00
125,1_6_1,1_6_1,,530,550,escort,home,escort,car,16,1900-01-01 12:18:00,1900-01-01 12:32:00,0:14:00
126,1_6_1,1_6_1,,550,550,work,escort,work,car,17,1900-01-01 12:35:00,1900-01-01 12:41:00,0:06:00
127,1_6_1,1_6_1,,550,550,home,work,home,car,18,1900-01-01 17:30:00,1900-01-01 17:56:00,0:26:00
128,1_6_1,1_6_1,,550,550,other,home,other,car,19,1900-01-01 20:20:00,1900-01-01 20:23:00,0:03:00
129,1_6_1,1_6_1,,550,550,home,other,home,car,20,1900-01-01 21:10:00,1900-01-01 21:15:00,0:05:00
130,2_6_1,1_6_1,,530,550,home,work,home,car,55,1900-01-01 05:50:00,1900-01-01 05:55:00,0:05:00
131,2_6_1,1_6_1,,550,550,escort,home,escort,car,56,1900-01-01 14:35:00,1900-01-01 14:50:00,0:15:00
132,2_6_1,1_6_1,,550,550,escort,escort,escort,car,57,1900-01-01 14:58:00,1900-01-01 15:12:00,0:14:00
133,2_6_1,1_6_1,,550,550,home,escort,home,car,58,1900-01-01 15:22:00,1900-01-01 15:31:00,0:09:00
134,2_6_1,1_6_1,,550,550,work,home,work,car,59,1900-01-01 21:50:00,1900-01-01 21:56:00,0:06:00
135,3_6_1,1_6_1,,530,550,home,education,home,car,76,1900-01-01 15:22:00,1900-01-01 15:31:00,0:09:00
136,4_6_1,1_6_1,,530,550,visit,home,visit,car,95,1900-01-01 12:18:00,1900-01-01 12:32:00,0:14:00
137,4_6_1,1_6_1,,550,550,escort,visit,escort,car,96,1900-01-01 14:58:00,1900-01-01 15:12:00,0:14:00
138,4_6_1,1_6_1,,550,550,home,escort,home,car,97,1900-01-01 15:22:00,1900-01-01 15:31:00,0:09:00
139,1_7_0,1_7_0,,530,550,escort,home,escort,walk,21,1900-01-01 08:45:00,1900-01-01 09:00:00,0:15:00
140,1_7_0,1_7_0,,550,550,home,escort,home,walk,22,1900-01-01 09:06:00,1900-01-01 09:16:00,0:10:00
141,1_7_0,1_7_0,,550,550,escort,home,escort,car,23,1900-01-01 12:25:00,1900-01-01 12:40:00,0:15:00
142,1_7_0,1_7_0,,550,550,work,escort,work,car,24,1900-01-01 12:44:00,1900-01-01 12:54:00,0:10:00
143,1_7_0,1_7_0,,550,550,visit,work,visit,car,25,1900-01-01 17:40:00,1900-01-01 17:56:00,0:16:00
144,1_7_0,1_7_0,,550,550,home,visit,home,car,26,1900-01-01 18:30:00,1900-01-01 18:47:00,0:17:00
145,2_7_0,1_7_0,,530,550,home,work,home,car,60,1900-01-01 05:45:00,1900-01-01 05:48:00,0:03:00
146,2_7_0,1_7_0,,550,550,escort,home,escort,car,61,1900-01-01 14:30:00,1900-01-01 14:47:00,0:17:00
147,2_7_0,1_7_0,,550,550,escort,escort,escort,car,62,1900-01-01 15:00:00,1900-01-01 15:15:00,0:15:00
148,2_7_0,1_7_0,,550,550,home,escort,home,car,63,1900-01-01 15:23:00,1900-01-01 15:33:00,0:10:00
149,2_7_0,1_7_0,,550,550,work,home,work,car,64,1900-01-01 21:51:00,1900-01-01 21:54:00,0:03:00
150,3_7_0,1_7_0,,530,550,education,home,education,walk,77,1900-01-01 08:45:00,1900-01-01 09:00:00,0:15:00
151,3_7_0,1_7_0,,550,550,home,education,home,car,78,1900-01-01 15:23:00,1900-01-01 15:33:00,0:10:00
152,4_7_0,1_7_0,,530,550,visit,home,visit,car,98,1900-01-01 12:25:00,1900-01-01 12:40:00,0:15:00
153,4_7_0,1_7_0,,550,550,escort,visit,escort,car,99,1900-01-01 15:00:00,1900-01-01 15:15:00,0:15:00
154,4_7_0,1_7_0,,550,550,home,escort,home,car,100,1900-01-01 15:23:00,1900-01-01 15:33:00,0:10:00
155,1_7_1,1_7_1,,530,550,escort,home,escort,walk,21,1900-01-01 08:45:00,1900-01-01 09:00:00,0:15:00
156,1_7_1,1_7_1,,550,550,home,escort,home,walk,22,1900-01-01 09:06:00,1900-01-01 09:16:00,0:10:00
157,1_7_1,1_7_1,,550,550,escort,home,escort,car,23,1900-01-01 12:25:00,1900-01-01 12:40:00,0:15:00
158,1_7_1,1_7_1,,550,550,work,escort,work,car,24,1900-01-01 12:44:00,1900-01-01 12:54:00,0:10:00
159,1_7_1,1_7_1,,550,550,visit,work,visit,car,25,1900-01-01 17:40:00,1900-01-01 17:56:00,0:16:00
160,1_7_1,1_7_1,,550,550,home,visit,home,car,26,1900-01-01 18:30:00,1900-01-01 18:47:00,0:17:00
161,2_7_1,1_7_1,,530,550,home,work,home,car,60,1900-01-01 05:45:00,1900-01-01 05:48:00,0:03:00
162,2_7_1,1_7_1,,550,550,escort,home,escort,car,61,1900-01-01 14:30:00,1900-01-01 14:47:00,0:17:00
163,2_7_1,1_7_1,,550,550,escort,escort,escort,car,62,1900-01-01 15:00:00,1900-01-01 15:15:00,0:15:00
164,2_7_1,1_7_1,,550,550,home,escort,home,car,63,1900-01-01 15:23:00,1900-01-01 15:33:00,0:10:00
165,2_7_1,1_7_1,,550,550,work,home,work,car,64,1900-01-01 21:51:00,1900-01-01 21:54:00,0:03:00
166,3_7_1,1_7_1,,530,550,education,home,education,walk,77,1900-01-01 08:45:00,1900-01-01 09:00:00,0:15:00
167,3_7_1,1_7_1,,550,550,home,education,home,car,78,1900-01-01 15:23:00,1900-01-01 15:33:00,0:10:00
168,4_7_1,1_7_1,,530,550,visit,home,visit,car,98,1900-01-01 12:25:00,1900-01-01 12:40:00,0:15:00
169,4_7_1,1_7_1,,550,550,escort,visit,escort,car,99,1900-01-01 15:00:00,1900-01-01 15:15:00,0:15:00
170,4_7_1,1_7_1,,550,550,home,escort,home,car,100,1900-01-01 15:23:00,1900-01-01 15:33:00,0:10:00
171,5_1_0,2_1_0,,530,550,medical,home,medical,car,101,1900-01-01 14:05:00,1900-01-01 14:15:00,0:10:00
172,5_1_0,2_1_0,,550,550,home,medical,home,car,102,1900-01-01 16:30:00,1900-01-01 17:00:00,0:30:00
173,5_1_1,2_1_1,,530,550,medical,home,medical,car,101,1900-01-01 14:05:00,1900-01-01 14:15:00,0:10:00
174,5_1_1,2_1_1,,550,550,home,medical,home,car,102,1900-01-01 16:30:00,1900-01-01 17:00:00,0:30:00
175,5_1_2,2_1_2,,530,550,medical,home,medical,car,101,1900-01-01 14:05:00,1900-01-01 14:15:00,0:10:00
176,5_1_2,2_1_2,,550,550,home,medical,home,car,102,1900-01-01 16:30:00,1900-01-01 17:00:00,0:30:00
177,5_2_0,2_2_0,,530,550,home,home,home,pt,103,1900-01-01 09:45:00,1900-01-01 13:15:00,3:30:00
178,5_2_1,2_2_1,,530,550,home,home,home,pt,103,1900-01-01 09:45:00,1900-01-01 13:15:00,3:30:00
179,5_5_0,2_5_0,,530,550,home,home,home,pt,104,1900-01-01 09:20:00,1900-01-01 12:10:00,2:50:00
180,5_5_1,2_5_1,,530,550,home,home,home,pt,104,1900-01-01 09:20:00,1900-01-01 12:10:00,2:50:00
181,5_5_2,2_5_2,,530,550,home,home,home,pt,104,1900-01-01 09:20:00,1900-01-01 12:10:00,2:50:00
182,5_7_0,2_7_0,,530,550,shop,home,shop,pt,105,1900-01-01 12:00:00,1900-01-01 12:30:00,0:30:00
183,5_7_0,2_7_0,,550,550,home,shop,home,pt,106,1900-01-01 14:00:00,1900-01-01 14:45:00,0:45:00
184,5_7_1,2_7_1,,530,550,shop,home,shop,pt,105,1900-01-01 12:00:00,1900-01-01 12:30:00,0:30:00
185,5_7_1,2_7_1,,550,550,home,shop,home,pt,106,1900-01-01 14:00:00,1900-01-01 14:45:00,0:45:00
186,5_7_2,2_7_2,,530,550,shop,home,shop,pt,105,1900-01-01 12:00:00,1900-01-01 12:30:00,0:30:00
187,5_7_2,2_7_2,,550,550,home,shop,home,pt,106,1900-01-01 14:00:00,1900-01-01 14:45:00,0:45:00
188,6_1_0,3_1_0,,530,550,work,home,work,car,107,1900-01-01 07:18:00,1900-01-01 07:45:00,0:27:00
189,6_1_0,3_1_0,,550,550,home,work,home,car,108,1900-01-01 16:50:00,1900-01-01 17:16:00,0:26:00
190,6_1_0,3_1_0,,550,550,escort,home,escort,car,109,1900-01-01 18:25:00,1900-01-01 18:30:00,0:05:00
191,6_1_0,3_1_0,,550,550,home,escort,home,car,110,1900-01-01 18:32:00,1900-01-01 18:40:00,0:08:00
192,7_1_0,3_1_0,,530,550,work,home,work,pt,134,1900-01-01 08:15:00,1900-01-01 09:10:00,0:55:00
193,7_1_0,3_1_0,,550,550,home,work,home,pt,135,1900-01-01 17:50:00,1900-01-01 18:40:00,0:50:00
194,6_1_1,3_1_1,,530,550,work,home,work,car,107,1900-01-01 07:18:00,1900-01-01 07:45:00,0:27:00
195,6_1_1,3_1_1,,550,550,home,work,home,car,108,1900-01-01 16:50:00,1900-01-01 17:16:00,0:26:00
196,6_1_1,3_1_1,,550,550,escort,home,escort,car,109,1900-01-01 18:25:00,1900-01-01 18:30:00,0:05:00
197,6_1_1,3_1_1,,550,550,home,escort,home,car,110,1900-01-01 18:32:00,1900-01-01 18:40:00,0:08:00
198,7_1_1,3_1_1,,530,550,work,home,work,pt,134,1900-01-01 08:15:00,1900-01-01 09:10:00,0:55:00
199,7_1_1,3_1_1,,550,550,home,work,home,pt,135,1900-01-01 17:50:00,1900-01-01 18:40:00,0:50:00
200,6_2_0,3_2_0,,530,550,work,home,work,car,111,1900-01-01 07:20:00,1900-01-01 07:45:00,0:25:00
201,6_2_0,3_2_0,,550,550,home,work,home,car,112,1900-01-01 16:05:00,1900-01-01 16:24:00,0:19:00
202,7_2_0,3_2_0,,530,550,work,home,work,pt,136,1900-01-01 08:15:00,1900-01-01 09:10:00,0:55:00
203,7_2_0,3_2_0,,550,550,home,work,home,pt,137,1900-01-01 17:30:00,1900-01-01 18:20:00,0:50:00
204,6_3_0,3_3_0,,530,550,work,home,work,car,113,1900-01-01 07:18:00,1900-01-01 07:45:00,0:27:00
205,6_3_0,3_3_0,,550,550,home,work,home,car,114,1900-01-01 15:21:00,1900-01-01 15:31:00,0:10:00
206,6_3_0,3_3_0,,550,550,shop,home,shop,car,115,1900-01-01 15:40:00,1900-01-01 15:50:00,0:10:00
207,6_3_0,3_3_0,,550,550,home,shop,home,car,116,1900-01-01 16:20:00,1900-01-01 16:45:00,0:25:00
208,6_3_0,3_3_0,,550,550,escort,home,escort,car,117,1900-01-01 18:25:00,1900-01-01 18:30:00,0:05:00
209,6_3_0,3_3_0,,550,550,home,escort,home,car,118,1900-01-01 18:35:00,1900-01-01 18:40:00,0:05:00
210,7_3_0,3_3_0,,530,550,work,home,work,pt,138,1900-01-01 08:15:00,1900-01-01 09:10:00,0:55:00
211,7_3_0,3_3_0,,550,550,home,work,home,pt,139,1900-01-01 17:55:00,1900-01-01 18:35:00,0:40:00
212,6_3_1,3_3_1,,530,550,work,home,work,car,113,1900-01-01 07:18:00,1900-01-01 07:45:00,0:27:00
213,6_3_1,3_3_1,,550,550,home,work,home,car,114,1900-01-01 15:21:00,1900-01-01 15:31:00,0:10:00
214,6_3_1,3_3_1,,550,550,shop,home,shop,car,115,1900-01-01 15:40:00,1900-01-01 15:50:00,0:10:00
215,6_3_1,3_3_1,,550,550,home,shop,home,car,116,1900-01-01 16:20:00,1900-01-01 16:45:00,0:25:00
216,6_3_1,3_3_1,,550,550,escort,home,escort,car,117,1900-01-01 18:25:00,1900-01-01 18:30:00,0:05:00
217,6_3_1,3_3_1,,550,550,home,escort,home,car,118,1900-01-01 18:35:00,1900-01-01 18:40:00,0:05:00
218,7_3_1,3_3_1,,530,550,work,home,work,pt,138,1900-01-01 08:15:00,1900-01-01 09:10:00,0:55:00
219,7_3_1,3_3_1,,550,550,home,work,home,pt,139,1900-01-01 17:55:00,1900-01-01 18:35:00,0:40:00
220,6_4_0,3_4_0,,530,550,work,home,work,car,119,1900-01-01 07:20:00,1900-01-01 07:51:00,0:31:00
221,6_4_0,3_4_0,,550,550,home,work,home,car,120,1900-01-01 15:10:00,1900-01-01 15:22:00,0:12:00
222,7_4_0,3_4_0,,530,550,work,home,work,pt,140,1900-01-01 08:15:00,1900-01-01 09:10:00,0:55:00
223,7_4_0,3_4_0,,550,550,home,work,home,pt,141,1900-01-01 17:55:00,1900-01-01 18:50:00,0:55:00
224,6_4_1,3_4_1,,530,550,work,home,work,car,119,1900-01-01 07:20:00,1900-01-01 07:51:00,0:31:00
225,6_4_1,3_4_1,,550,550,home,work,home,car,120,1900-01-01 15:10:00,1900-01-01 15:22:00,0:12:00
226,7_4_1,3_4_1,,530,550,work,home,work,pt,140,1900-01-01 08:15:00,1900-01-01 09:10:00,0:55:00
227,7_4_1,3_4_1,,550,550,home,work,home,pt,141,1900-01-01 17:55:00,1900-01-01 18:50:00,0:55:00
228,6_5_0,3_5_0,,530,550,shop,home,shop,car,121,1900-01-01 13:40:00,1900-01-01 13:50:00,0:10:00
229,6_5_0,3_5_0,,550,550,shop,shop,shop,car,122,1900-01-01 14:13:00,1900-01-01 14:22:00,0:09:00
230,6_5_0,3_5_0,,550,550,home,shop,home,car,123,1900-01-01 15:00:00,1900-01-01 15:06:00,0:06:00
231,6_5_0,3_5_0,,550,550,escort,home,escort,car,124,1900-01-01 16:53:00,1900-01-01 17:03:00,0:10:00
232,6_5_0,3_5_0,,550,550,home,escort,home,car,125,1900-01-01 17:03:00,1900-01-01 17:14:00,0:11:00
233,6_5_0,3_5_0,,550,550,escort,home,escort,car,126,1900-01-01 21:38:00,1900-01-01 21:45:00,0:07:00
234,6_5_0,3_5_0,,550,550,home,escort,home,car,127,1900-01-01 21:46:00,1900-01-01 21:52:00,0:06:00
235,7_5_0,3_5_0,,530,550,shop,home,shop,car,142,1900-01-01 13:40:00,1900-01-01 13:50:00,0:10:00
236,7_5_0,3_5_0,,550,550,shop,shop,shop,car,143,1900-01-01 14:13:00,1900-01-01 14:22:00,0:09:00
237,7_5_0,3_5_0,,550,550,home,shop,home,car,144,1900-01-01 15:00:00,1900-01-01 15:06:00,0:06:00
238,7_5_0,3_5_0,,550,550,visit,home,visit,car,145,1900-01-01 16:53:00,1900-01-01 17:03:00,0:10:00
239,7_5_0,3_5_0,,550,550,home,visit,home,car,146,1900-01-01 21:46:00,1900-01-01 21:52:00,0:06:00
240,6_5_1,3_5_1,,530,550,shop,home,shop,car,121,1900-01-01 13:40:00,1900-01-01 13:50:00,0:10:00
241,6_5_1,3_5_1,,550,550,shop,shop,shop,car,122,1900-01-01 14:13:00,1900-01-01 14:22:00,0:09:00
242,6_5_1,3_5_1,,550,550,home,shop,home,car,123,1900-01-01 15:00:00,1900-01-01 15:06:00,0:06:00
243,6_5_1,3_5_1,,550,550,escort,home,escort,car,124,1900-01-01 16:53:00,1900-01-01 17:03:00,0:10:00
244,6_5_1,3_5_1,,550,550,home,escort,home,car,125,1900-01-01 17:03:00,1900-01-01 17:14:00,0:11:00
245,6_5_1,3_5_1,,550,550,escort,home,escort,car,126,1900-01-01 21:38:00,1900-01-01 21:45:00,0:07:00
246,6_5_1,3_5_1,,550,550,home,escort,home,car,127,1900-01-01 21:46:00,1900-01-01 21:52:00,0:06:00
247,7_5_1,3_5_1,,530,550,shop,home,shop,car,142,1900-01-01 13:40:00,1900-01-01 13:50:00,0:10:00
248,7_5_1,3_5_1,,550,550,shop,shop,shop,car,143,1900-01-01 14:13:00,1900-01-01 14:22:00,0:09:00
249,7_5_1,3_5_1,,550,550,home,shop,home,car,144,1900-01-01 15:00:00,1900-01-01 15:06:00,0:06:00
250,7_5_1,3_5_1,,550,550,visit,home,visit,car,145,1900-01-01 16:53:00,1900-01-01 17:03:00,0:10:00
251,7_5_1,3_5_1,,550,550,home,visit,home,car,146,1900-01-01 21:46:00,1900-01-01 21:52:00,0:06:00
252,6_6_0,3_6_0,,530,550,visit,home,visit,car,128,1900-01-01 10:20:00,1900-01-01 10:27:00,0:07:00
253,6_6_0,3_6_0,,550,550,home,visit,home,car,129,1900-01-01 11:42:00,1900-01-01 11:50:00,0:08:00
254,6_7_0,3_7_0,,530,550,work,home,work,car,130,1900-01-01 07:20:00,1900-01-01 07:48:00,0:28:00
255,6_7_0,3_7_0,,550,550,home,work,home,car,131,1900-01-01 16:15:00,1900-01-01 16:26:00,0:11:00
256,6_7_0,3_7_0,,550,550,escort,home,escort,car,132,1900-01-01 18:00:00,1900-01-01 18:05:00,0:05:00
257,6_7_0,3_7_0,,550,550,home,escort,home,car,133,1900-01-01 18:07:00,1900-01-01 18:11:00,0:04:00
258,7_7_0,3_7_0,,530,550,work,home,work,pt,147,1900-01-01 08:15:00,1900-01-01 09:19:00,1:04:00
259,7_7_0,3_7_0,,550,550,home,work,home,pt,148,1900-01-01 17:32:00,1900-01-01 18:11:00,0:39:00
